case_id,true_pathology,input_evidence_tokens,disease,probability
P01,URTI,"E_48, E_50, E_53, E_54, E_54, E_55, E_55, E_55, E_56, E_57, E_58, E_59",URTI,0.9987
P01,URTI,"E_48, E_50, E_53, E_54, E_54, E_55, E_55, E_55, E_56, E_57, E_58, E_59",Acute laryngitis,0.0009
P01,URTI,"E_48, E_50, E_53, E_54, E_54, E_55, E_55, E_55, E_56, E_57, E_58, E_59",Bronchitis,0.0003
P01,URTI,"E_48, E_50, E_53, E_54, E_54, E_55, E_55, E_55, E_56, E_57, E_58, E_59",Viral pharyngitis,0.0
P01,URTI,"E_48, E_50, E_53, E_54, E_54, E_55, E_55, E_55, E_56, E_57, E_58, E_59",Pulmonary neoplasm,0.0
P02,HIV (initial infection),"E_9, E_27, E_50, E_51, E_53, E_54, E_55, E_55, E_55, E_56, E_57, E_58",HIV (initial infection),0.999
P02,HIV (initial infection),"E_9, E_27, E_50, E_51, E_53, E_54, E_55, E_55, E_55, E_56, E_57, E_58",Pancreatic neoplasm,0.0002
P02,HIV (initial infection),"E_9, E_27, E_50, E_51, E_53, E_54, E_55, E_55, E_55, E_56, E_57, E_58",Inguinal hernia,0.0001
P02,HIV (initial infection),"E_9, E_27, E_50, E_51, E_53, E_54, E_55, E_55, E_55, E_56, E_57, E_58",Acute otitis media,0.0001
P02,HIV (initial infection),"E_9, E_27, E_50, E_51, E_53, E_54, E_55, E_55, E_55, E_56, E_57, E_58",Influenza,0.0001
P03,Pneumonia,"E_53, E_54, E_54, E_55, E_55, E_55, E_55, E_55, E_56, E_57, E_58, E_59",Pneumonia,0.9989
P03,Pneumonia,"E_53, E_54, E_54, E_55, E_55, E_55, E_55, E_55, E_56, E_57, E_58, E_59",URTI,0.0002
P03,Pneumonia,"E_53, E_54, E_54, E_55, E_55, E_55, E_55, E_55, E_56, E_57, E_58, E_59",Influenza,0.0002
P03,Pneumonia,"E_53, E_54, E_54, E_55, E_55, E_55, E_55, E_55, E_56, E_57, E_58, E_59",Bronchitis,0.0001
P03,Pneumonia,"E_53, E_54, E_54, E_55, E_55, E_55, E_55, E_55, E_56, E_57, E_58, E_59",Cluster headache,0.0001
P04,URTI,"E_48, E_53, E_54, E_55, E_55, E_55, E_55, E_55, E_56, E_57, E_58, E_59",URTI,0.9329
P04,URTI,"E_48, E_53, E_54, E_55, E_55, E_55, E_55, E_55, E_56, E_57, E_58, E_59",Viral pharyngitis,0.0483
P04,URTI,"E_48, E_53, E_54, E_55, E_55, E_55, E_55, E_55, E_56, E_57, E_58, E_59",Acute otitis media,0.0089
P04,URTI,"E_48, E_53, E_54, E_55, E_55, E_55, E_55, E_55, E_56, E_57, E_58, E_59",Bronchitis,0.0049
P04,URTI,"E_48, E_53, E_54, E_55, E_55, E_55, E_55, E_55, E_56, E_57, E_58, E_59",Cluster headache,0.0004
P05,URTI,"E_49, E_50, E_53, E_54, E_55, E_55, E_55, E_55, E_56, E_57, E_58, E_59",URTI,0.9983
P05,URTI,"E_49, E_50, E_53, E_54, E_55, E_55, E_55, E_55, E_56, E_57, E_58, E_59",Viral pharyngitis,0.0007
P05,URTI,"E_49, E_50, E_53, E_54, E_55, E_55, E_55, E_55, E_56, E_57, E_58, E_59",Acute otitis media,0.0003
P05,URTI,"E_49, E_50, E_53, E_54, E_55, E_55, E_55, E_55, E_56, E_57, E_58, E_59",Acute laryngitis,0.0002
P05,URTI,"E_49, E_50, E_53, E_54, E_55, E_55, E_55, E_55, E_56, E_57, E_58, E_59",Bronchitis,0.0002
P06,Chronic rhinosinusitis,"E_53, E_54, E_54, E_55, E_55, E_55, E_55, E_55, E_56, E_57, E_57, E_57",Chronic rhinosinusitis,0.7105
P06,Chronic rhinosinusitis,"E_53, E_54, E_54, E_55, E_55, E_55, E_55, E_55, E_56, E_57, E_57, E_57",Acute rhinosinusitis,0.286
P06,Chronic rhinosinusitis,"E_53, E_54, E_54, E_55, E_55, E_55, E_55, E_55, E_56, E_57, E_57, E_57",Acute laryngitis,0.0003
P06,Chronic rhinosinusitis,"E_53, E_54, E_54, E_55, E_55, E_55, E_55, E_55, E_56, E_57, E_57, E_57",GERD,0.0002
P06,Chronic rhinosinusitis,"E_53, E_54, E_54, E_55, E_55, E_55, E_55, E_55, E_56, E_57, E_57, E_57",Bronchospasm / acute asthma exacerbation,0.0002
P07,Viral pharyngitis,"E_41, E_49, E_53, E_54, E_54, E_55, E_55, E_55, E_55, E_55, E_56, E_57",Viral pharyngitis,0.9973
P07,Viral pharyngitis,"E_41, E_49, E_53, E_54, E_54, E_55, E_55, E_55, E_55, E_55, E_56, E_57",Acute laryngitis,0.002
P07,Viral pharyngitis,"E_41, E_49, E_53, E_54, E_54, E_55, E_55, E_55, E_55, E_55, E_56, E_57",URTI,0.0003
P07,Viral pharyngitis,"E_41, E_49, E_53, E_54, E_54, E_55, E_55, E_55, E_55, E_55, E_56, E_57",Acute otitis media,0.0
P07,Viral pharyngitis,"E_41, E_49, E_53, E_54, E_54, E_55, E_55, E_55, E_55, E_55, E_56, E_57",Ebola,0.0
P08,Anemia,"E_7, E_24, E_53, E_54, E_54, E_55, E_55, E_56, E_57, E_58, E_59, E_82",Anemia,0.9986
P08,Anemia,"E_7, E_24, E_53, E_54, E_54, E_55, E_55, E_56, E_57, E_58, E_59, E_82",Acute otitis media,0.0007
P08,Anemia,"E_7, E_24, E_53, E_54, E_54, E_55, E_55, E_56, E_57, E_58, E_59, E_82",PSVT,0.0001
P08,Anemia,"E_7, E_24, E_53, E_54, E_54, E_55, E_55, E_56, E_57, E_58, E_59, E_82",Panic attack,0.0001
P08,Anemia,"E_7, E_24, E_53, E_54, E_54, E_55, E_55, E_56, E_57, E_58, E_59, E_82",Cluster headache,0.0
P09,Chronic rhinosinusitis,"E_53, E_54, E_55, E_55, E_55, E_55, E_55, E_56, E_57, E_57, E_58, E_59",Chronic rhinosinusitis,0.9699
P09,Chronic rhinosinusitis,"E_53, E_54, E_55, E_55, E_55, E_55, E_55, E_56, E_57, E_57, E_58, E_59",Acute rhinosinusitis,0.0252
P09,Chronic rhinosinusitis,"E_53, E_54, E_55, E_55, E_55, E_55, E_55, E_56, E_57, E_57, E_58, E_59",Acute laryngitis,0.0005
P09,Chronic rhinosinusitis,"E_53, E_54, E_55, E_55, E_55, E_55, E_55, E_56, E_57, E_57, E_58, E_59",GERD,0.0003
P09,Chronic rhinosinusitis,"E_53, E_54, E_55, E_55, E_55, E_55, E_55, E_56, E_57, E_57, E_58, E_59",Bronchospasm / acute asthma exacerbation,0.0003
P10,Atrial fibrillation,"E_19, E_22, E_31, E_66, E_69, E_70, E_76, E_104, E_105, E_139, E_155, E_204",Atrial fibrillation,0.9988
P10,Atrial fibrillation,"E_19, E_22, E_31, E_66, E_69, E_70, E_76, E_104, E_105, E_139, E_155, E_204",Stable angina,0.0003
P10,Atrial fibrillation,"E_19, E_22, E_31, E_66, E_69, E_70, E_76, E_104, E_105, E_139, E_155, E_204",Myocarditis,0.0002
P10,Atrial fibrillation,"E_19, E_22, E_31, E_66, E_69, E_70, E_76, E_104, E_105, E_139, E_155, E_204",PSVT,0.0002
P10,Atrial fibrillation,"E_19, E_22, E_31, E_66, E_69, E_70, E_76, E_104, E_105, E_139, E_155, E_204",Tuberculosis,0.0001
